Documentary (Feature),Art Direction,Sound Mixing,Foreign Language Film,Makeup and Hairstyling,Music (Original Score),Sound,Special Achievement Award,Writing (Adapted Screenplay),Jean Hersholt Humanitarian Award,Visual Effects,Actress in a Supporting Role,Writing (Screenplay Based on Material from Another Medium),Best Picture,Sound Editing,Writing (Original Screenplay),Short Film (Live Action),Animated Feature Film,Costume Design,Short Film (Animated),Directing,Production Design,Documentary (Short Subject),Cinematography,Actor in a Supporting Role,Writing (Screenplay Based on Material Previously Produced or Published),Music (Original Dramatic Score),Actress in a Leading Role,Film Editing,Irving G. Thalberg Memorial Award,Music (Original Song),Sound Effects Editing,Music (Original Musical or Comedy Score),Special Achievement Award (Visual Effects),Writing (Screenplay Written Directly for the Screen),Actor in a Leading Role,Makeup
"['Common Threads: Stories from the Quilt', 'Adam Clayton Powell', 'Crack USA: County under Siege', 'For All Mankind', 'Super Chief: The Life and Legacy of Earl Warren']","['Batman', 'The Abyss', 'The Adventures of Baron Munchausen', 'Driving Miss Daisy', 'Glory']",,"['Cinema Paradiso', 'Camille Claudel', 'Jesus of Montreal', 'Waltzing Regitze', 'What Happened to Santiago']",,"['The Little Mermaid', 'Born on the Fourth of July', 'The Fabulous Baker Boys', 'Field of Dreams', 'Indiana Jones and the Last Crusade']","['Glory', 'The Abyss', 'Black Rain', 'Born on the Fourth of July', 'Indiana Jones and the Last Crusade']",,,[''],"['The Abyss', 'The Adventures of Baron Munchausen', 'Back to the Future Part II']","['My Left Foot', 'Enemies, A Love Story', 'Enemies, A Love Story', 'Steel Magnolias', 'Parenthood']","['Driving Miss Daisy', 'Born on the Fourth of July', 'Enemies, A Love Story', 'Field of Dreams', 'My Left Foot']","['Driving Miss Daisy', 'Born on the Fourth of July', 'Dead Poets Society', 'Field of Dreams', 'My Left Foot']",,,"['Work Experience', 'Amazon Diary', 'The Childeater']",,"['Henry V', 'The Adventures of Baron Munchausen', 'Driving Miss Daisy', 'Harlem Nights', 'Valmont']","['Balance', 'The Cow', 'The Hill Farm']","['Born on the Fourth of July', 'Crimes and Misdemeanors', 'Dead Poets Society', 'Henry V', 'My Left Foot']",,"['The Johnstown Flood', 'Fine Food, Fine Pastries, Open 6 to 9', 'Yad Vashem: Preserving the Past to Ensure the Future']","['Glory', 'The Abyss', 'Blaze', 'Born on the Fourth of July', 'The Fabulous Baker Boys']","['Glory', 'Do the Right Thing', 'Driving Miss Daisy', 'A Dry White Season', 'Crimes and Misdemeanors']",,,"['Driving Miss Daisy', 'Camille Claudel', 'Shirley Valentine', 'Music Box', 'The Fabulous Baker Boys']","['Born on the Fourth of July', 'The Bear', 'Driving Miss Daisy', 'The Fabulous Baker Boys', 'Glory']",,"['The Little Mermaid', 'Chances Are', 'Shirley Valentine', 'Parenthood', 'The Little Mermaid']","['Indiana Jones and the Last Crusade', 'Black Rain', 'Lethal Weapon 2']",,,"['Dead Poets Society', 'Crimes and Misdemeanors', 'Do the Right Thing', 'sex, lies, and videotape', 'When Harry Met Sally...']","['My Left Foot', 'Henry V', 'Born on the Fourth of July', 'Driving Miss Daisy', 'Dead Poets Society']","['Driving Miss Daisy', 'The Adventures of Baron Munchausen', 'Dad']"
"['American Dream', 'Berkeley in the Sixties', 'Building Bombs', 'Forever Activists: Stories from the Veterans of the Abraham Lincoln Brigade', ""Waldo Salt: A Screenwriter's Journey""]","['Dick Tracy', 'Cyrano de Bergerac', 'Dances With Wolves', 'The Godfather, Part III', 'Hamlet']",,"['Journey of Hope', 'Cyrano de Bergerac', 'Ju Dou', 'The Nasty Girl', 'Open Doors']",,"['Dances With Wolves', 'Avalon', 'Ghost', 'Havana', 'Home Alone']","['Dances With Wolves', 'Days of Thunder', 'Dick Tracy', 'The Hunt for Red October', 'Total Recall']",,,,,"['Ghost', 'The Grifters', 'Good Fellas', 'Wild at Heart', 'Dances With Wolves']","['Dances With Wolves', 'Awakenings', 'Good Fellas', 'The Grifters', 'Reversal of Fortune']","['Dances With Wolves', 'Awakenings', 'Ghost', 'The Godfather, Part III', 'Good Fellas']",,,"['The Lunch Date', 'Bronx Cheers', 'Dear Rosie', 'Senzeni Na? (What Have We Done?)', '12:01 PM']",,"['Cyrano de Bergerac', 'Avalon', 'Dances With Wolves', 'Dick Tracy', 'Hamlet']","['Creature Comforts', 'A Grand Day Out', 'Grasshoppers (Cavallette)']","['Dances With Wolves', 'The Godfather, Part III', 'Good Fellas', 'The Grifters', 'Reversal of Fortune']",,"['Days of Waiting', 'Burning Down Tomorrow', 'Chimps: So Like Us', 'Journey into Life: The World of the Unborn', 'Rose Kennedy: A Life to Remember']","['Dances With Wolves', 'Avalon', 'Dick Tracy', 'The Godfather, Part III', 'Henry & June']","['Good Fellas', 'Longtime Companion', 'The Godfather, Part III', 'Dances With Wolves', 'Dick Tracy']",,,"['Misery', 'The Grifters', 'Pretty Woman', 'Postcards from the Edge', 'Mr. & Mrs. Bridge']","['Dances With Wolves', 'Ghost', 'The Godfather, Part III', 'Good Fellas', 'The Hunt for Red October']",[''],"['Dick Tracy', 'Young Guns II', 'Postcards from the Edge', 'The Godfather, Part III', 'Home Alone']","['The Hunt for Red October', 'Flatliners', 'Total Recall']",,['Total Recall'],"['Ghost', 'Alice', 'Avalon', 'Green Card', 'Metropolitan']","['Reversal of Fortune', 'Dances With Wolves', 'Awakenings', 'Cyrano de Bergerac', 'The Field']","['Dick Tracy', 'Cyrano de Bergerac', 'Edward Scissorhands']"
"['In the Shadow of the Stars', 'Death on the Job', 'Doing Time: Life inside the Big House', 'The Restless Conscience', 'Wild by Law']","['Bugsy', 'Barton Fink', 'The Fisher King', 'Hook', 'The Prince of Tides']",,"['Mediterraneo', 'Children of Nature', 'The Elementary School', 'The Ox', 'Raise the Red Lantern']",,"['Beauty and the Beast', 'Bugsy', 'The Fisher King', 'JFK', 'The Prince of Tides']","['Terminator 2: Judgment Day', 'Backdraft', 'Beauty and the Beast', 'JFK', 'The Silence of the Lambs']",,,,"['Terminator 2: Judgment Day', 'Backdraft', 'Hook']","['The Fisher King', 'Rambling Rose', 'Cape Fear', 'The Prince of Tides', 'Fried Green Tomatoes']",,"['The Silence of the Lambs', 'Beauty and the Beast', 'Bugsy', 'JFK', 'The Prince of Tides']",,,"['Session Man', 'Birch Street Gym', 'Last Breeze of Summer']",,"['Bugsy', 'The Addams Family', 'Barton Fink', 'Hook', 'Madame Bovary']","['Manipulation', 'Blackfly', 'Strings']","['The Silence of the Lambs', 'Boyz N the Hood', 'Bugsy', 'JFK', 'Thelma & Louise']",,"['Deadly Deception: General Electric, Nuclear Weapons and Our Environment', 'Birdnesters of Thailand (aka ""Shadow Hunters"")', 'A Little Vicious', 'The Mark of the Maker', 'Memorial: Letters from American Soldiers']","['JFK', 'Bugsy', 'The Prince of Tides', 'Terminator 2: Judgment Day', 'Thelma & Louise']","['City Slickers', 'JFK', 'Bugsy', 'Bugsy', 'Barton Fink']","['The Silence of the Lambs', 'Europa Europa', 'Fried Green Tomatoes', 'JFK', 'The Prince of Tides']",,"['The Silence of the Lambs', 'Thelma & Louise', 'Rambling Rose', 'For the Boys', 'Thelma & Louise']","['JFK', 'The Commitments', 'The Silence of the Lambs', 'Terminator 2: Judgment Day', 'Thelma & Louise']",[''],"['Beauty and the Beast', 'Beauty and the Beast', 'Beauty and the Beast', 'Robin Hood: Prince of Thieves', 'Hook']","['Terminator 2: Judgment Day', 'Backdraft', 'Star Trek VI The Undiscovered Country']",,,"['Thelma & Louise', 'Boyz N the Hood', 'Bugsy', 'The Fisher King', 'Grand Canyon']","['The Silence of the Lambs', 'Bugsy', 'Cape Fear', 'The Prince of Tides', 'The Fisher King']","['Terminator 2: Judgment Day', 'Hook', 'Star Trek VI The Undiscovered Country']"
"['The Panama Deception', 'Changing Our Minds: The Story of Dr. Evelyn Hooker', 'Fires of Kuwait', 'Liberators: Fighting on Two Fronts in World War II', 'Music for the Movies: Bernard Herrmann']","['Howards End', ""Bram Stoker's Dracula"", 'Chaplin', 'Toys', 'Unforgiven']",,"['Indochine', 'Close to Eden', 'Daens', 'Schtonk!']",,"['Aladdin', 'Basic Instinct', 'Chaplin', 'Howards End', 'A River Runs through It']","['The Last of the Mohicans', 'Aladdin', 'A Few Good Men', 'Under Siege', 'Unforgiven']",,,"['', '']","['Death Becomes Her', 'Alien 3', 'Batman Returns']","['My Cousin Vinny', 'Husbands and Wives', 'Enchanted April', 'Howards End', 'Damage']",,"['Unforgiven', 'The Crying Game', 'A Few Good Men', 'Howards End', 'Scent of a Woman']",,,"['Omnibus', 'Contact', 'Cruise Control', 'The Lady in Waiting', 'Swan Song']",,"[""Bram Stoker's Dracula"", 'Enchanted April', 'Howards End', 'Malcolm X', 'Toys']","['Mona Lisa Descending a Staircase', 'Adam', 'Reci, Reci, Reci... (Words, Words, Words)', 'The Sandman', 'Screen Play']","['Unforgiven', 'The Crying Game', 'Howards End', 'The Player', 'Scent of a Woman']",,"['Educating Peter', 'At the Edge of Conquest: The Journey of Chief Wai-Wai', 'Beyond Imagining: Margaret Anderson and the ""Little Review""', 'The Colours of My Father: A Portrait of Sam Borenstein', 'When Abortion Was Illegal: Untold Stories']","['A River Runs through It', 'Hoffa', 'Howards End', 'The Lover', 'Unforgiven']","['Unforgiven', 'The Crying Game', 'A Few Good Men', 'Glengarry Glen Ross', 'Mr. Saturday Night']","['Howards End', 'Enchanted April', 'The Player', 'A River Runs through It', 'Scent of a Woman']",,"['Howards End', 'Indochine', 'Passion Fish', 'Love Field', ""Lorenzo's Oil""]","['Unforgiven', 'Basic Instinct', 'The Crying Game', 'A Few Good Men', 'The Player']",,"['Aladdin', 'The Mambo Kings', 'Aladdin', 'The Bodyguard', 'The Bodyguard']","[""Bram Stoker's Dracula"", 'Aladdin', 'Under Siege']",,,"['The Crying Game', 'Husbands and Wives', ""Lorenzo's Oil"", 'Passion Fish', 'Unforgiven']","['Scent of a Woman', 'Chaplin', 'Unforgiven', 'The Crying Game', 'Malcolm X']","['Greg Cannom, Michèle Burke, Matthew W. Mung', 'Batman Returns', 'Hoffa']"
"['I Am a Promise: The Children of Stanton Elementary School', 'The Broadcast Tapes of Dr. Peter', 'Children of Fate', 'For Better or for Worse', 'The War Room']","[""Schindler's List"", 'Addams Family Values', 'The Age of Innocence', 'Orlando', 'The Remains of the Day']",,"['Belle Epoque', 'Farewell My Concubine', 'Hedd Wyn', 'The Scent of Green Papaya', 'The Wedding Banquet']",,"[""Schindler's List"", 'The Age of Innocence', 'The Firm', 'The Fugitive', 'The Remains of the Day']","['Jurassic Park', 'Cliffhanger', 'The Fugitive', 'Geronimo: An American Legend', ""Schindler's List""]",,,[''],"['Jurassic Park', 'Cliffhanger', 'The Nightmare before Christmas']","['The Piano', 'The Firm', 'Fearless', 'The Age of Innocence', 'In the Name of the Father']",,"[""Schindler's List"", 'The Fugitive', 'In the Name of the Father', 'The Piano', 'The Remains of the Day']",,,"['Black Rider (Schwarzfahrer)', 'Down on the Waterfront', 'The Dutch Master', 'Partners', 'The Screw (La Vis)']",,"['The Age of Innocence', 'Orlando', 'The Piano', 'The Remains of the Day', ""Schindler's List""]","['The Wrong Trousers', 'Blindscape', 'The Mighty River', 'Small Talk', 'The Village']","[""Schindler's List"", 'In the Name of the Father', 'The Piano', 'The Remains of the Day', 'Short Cuts']",,"['Defending Our Lives', 'Blood Ties: The Life and Work of Sally Mann', 'Chicks in White Satin']","[""Schindler's List"", 'Farewell My Concubine', 'The Fugitive', 'The Piano', 'Searching for Bobby Fischer']","['The Fugitive', ""What's Eating Gilbert Grape"", ""Schindler's List"", 'In the Line of Fire', 'In the Name of the Father']","[""Schindler's List"", 'The Age of Innocence', 'In the Name of the Father', 'The Remains of the Day', 'Shadowlands']",,"['The Piano', ""What's Love Got to Do with It"", 'Six Degrees of Separation', 'The Remains of the Day', 'Shadowlands']","[""Schindler's List"", 'The Fugitive', 'In the Line of Fire', 'In the Name of the Father', 'The Piano']",,"['Philadelphia', 'Poetic Justice', ""Beethoven's 2nd"", 'Philadelphia', 'Sleepless in Seattle']","['Jurassic Park', 'Cliffhanger', 'The Fugitive']",,,"['The Piano', 'Dave', 'In the Line of Fire', 'Philadelphia', 'Sleepless in Seattle']","['Philadelphia', 'In the Name of the Father', ""What's Love Got to Do with It"", 'The Remains of the Day', ""Schindler's List""]","['Mrs. Doubtfire', 'Philadelphia', ""Schindler's List""]"
"['Maya Lin: A Strong Clear Vision', 'Complaints of a Dutiful Daughter', 'D-Day Remembered', 'Freedom on My Mind', 'A Great Day in Harlem']","['The Madness of King George', 'Bullets over Broadway', 'Forrest Gump', 'Interview with the Vampire', 'Legends of the Fall']",,"['Burnt by the Sun', 'Before the Rain', 'Eat Drink Man Woman', 'Farinelli: Il Castrato', 'Strawberry and Chocolate']",,"['The Lion King', 'Forrest Gump', 'Interview with the Vampire', 'Little Women', 'The Shawshank Redemption']","['Speed', 'Clear and Present Danger', 'Forrest Gump', 'Legends of the Fall', 'The Shawshank Redemption']",,,[''],"['Forrest Gump', 'The Mask', 'True Lies']","['Bullets over Broadway', 'Tom & Viv', 'The Madness of King George', 'Pulp Fiction', 'Bullets over Broadway']",,"['Forrest Gump', 'Four Weddings and a Funeral', 'Pulp Fiction', 'Quiz Show', 'The Shawshank Redemption']",,,"[""Franz Kafka's It's a Wonderful Life"", 'Trevor', 'Kangaroo Court', 'On Hope', 'Syrup']",,"['The Adventures of Priscilla, Queen of the Desert', 'Bullets over Broadway', 'Little Women', 'Maverick', 'Queen Margot']","[""Bob's Birthday"", 'The Big Story', 'The Janitor', 'The Monk and the Fish', 'Triangle']","['Forrest Gump', 'Bullets over Broadway', 'Pulp Fiction', 'Quiz Show', 'Red']",,"['A Time for Justice', 'Blues Highway', '89mm od Europy (89mm from Europe)', 'School of Assassins', 'Straight from the Heart']","['Legends of the Fall', 'Forrest Gump', 'Red', 'The Shawshank Redemption', 'Wyatt Earp']","['Ed Wood', 'Pulp Fiction', 'Bullets over Broadway', 'Quiz Show', 'Forrest Gump']","['Forrest Gump', 'The Madness of King George', ""Nobody's Fool"", 'Quiz Show', 'The Shawshank Redemption']",,"['Blue Sky', 'Nell', 'Tom & Viv', 'Little Women', 'The Client']","['Forrest Gump', 'Hoop Dreams', 'Pulp Fiction', 'The Shawshank Redemption', 'Speed']",[''],"['The Lion King', 'The Lion King', 'The Lion King', 'Junior', 'The Paper']","['Speed', 'Clear and Present Danger', 'Forrest Gump']",,,"['Pulp Fiction', 'Bullets over Broadway', 'Four Weddings and a Funeral', 'Heavenly Creatures', 'Red']","['Forrest Gump', 'The Shawshank Redemption', 'The Madness of King George', ""Nobody's Fool"", 'Pulp Fiction']","['Ed Wood', 'Forrest Gump', ""Mary Shelley's Frankenstein""]"
"['Anne Frank Remembered', 'The Battle over Citizen Kane', 'Fiddlefest--Roberta Tzavaras and Her East Harlem Violin Program', 'Hank Aaron: Chasing the Dream', 'Troublesome Creek: A Midwestern']","['Restoration', 'Apollo 13', 'Babe', 'A Little Princess', 'Richard III']",,"[""Antonia's Line"", 'All Things Fair', 'Dust of Life', 'O Quatrilho', 'The Star Maker']",,,"['Apollo 13', 'Batman Forever', 'Braveheart', 'Crimson Tide', 'Waterworld']",['Toy Story'],,,"['Babe', 'Apollo 13']","['Mighty Aphrodite', 'Nixon', 'Apollo 13', 'Georgia', 'Sense and Sensibility']",,"['Braveheart', 'Apollo 13', 'Babe', 'The Postman (Il Postino)', 'Sense and Sensibility']",,,"['Lieberman in Love', 'Brooms', 'Duke of Groove', 'Little Surprises', 'Tuesday Morning Ride']",,"['Restoration', 'Braveheart', 'Richard III', 'Sense and Sensibility', '12 Monkeys']","['A Close Shave', 'The Chicken from Outer Space', 'the end', 'Gagarin', 'Runaway Brain']","['Braveheart', 'Babe', 'Dead Man Walking', 'Leaving Las Vegas', 'The Postman (Il Postino)']",,"['One Survivor Remembers', 'Jim Dine: A Self-Portrait on the Walls', 'The Living Sea', 'Never Give Up: The 20th Century Odyssey of Herbert Zipper', 'The Shadow of Hate']","['Braveheart', 'Batman Forever', 'A Little Princess', 'Sense and Sensibility', 'Shanghai Triad']","['The Usual Suspects', 'Babe', 'Apollo 13', '12 Monkeys', 'Rob Roy']","['Sense and Sensibility', 'Apollo 13', 'Babe', 'Leaving Las Vegas', 'The Postman (Il Postino)']","['The Postman (Il Postino)', 'Apollo 13', 'Braveheart', 'Nixon', 'Sense and Sensibility']","['Dead Man Walking', 'Leaving Las Vegas', 'Casino', 'The Bridges of Madison County', 'Sense and Sensibility']","['Apollo 13', 'Babe', 'Braveheart', 'Crimson Tide', 'Seven']",,"['Pocahontas', 'Dead Man Walking', 'Don Juan DeMarco', 'Sabrina', 'Toy Story']","['Braveheart', 'Batman Forever', 'Crimson Tide']","['Pocahontas', 'The American President', 'Sabrina', 'Toy Story', 'Unstrung Heroes']",,"['The Usual Suspects', 'Braveheart', 'Mighty Aphrodite', 'Nixon', 'Toy Story']","['Leaving Las Vegas', ""Mr. Holland's Opus"", 'Nixon', 'Dead Man Walking', 'The Postman (Il Postino)']","['Braveheart', 'My Family, Mi Familia', 'Roommates']"
"['When We Were Kings', 'The Line King: The Al Hirschfeld Story', 'Mandela', 'Suzanne Farrell: Elusive Muse', 'Tell the Truth and Run: George Seldes and the American Press']","['The English Patient', 'The Birdcage', 'Evita', 'Hamlet', ""William Shakespeare's Romeo & Juliet""]",,"['Kolya', 'A Chef in Love', 'The Other Side of Sunday', 'Prisoner of the Mountains', 'Ridicule']",,,"['The English Patient', 'Evita', 'Independence Day', 'The Rock', 'Twister']",,,,"['Independence Day', 'Dragonheart', 'Twister']","['The English Patient', 'The Crucible', 'The Mirror Has Two Faces', 'The Portrait of a Lady', 'Secrets & Lies']",,"['The English Patient', 'Fargo', 'Jerry Maguire', 'Secrets & Lies', 'Shine']",,,"['Dear Diary', 'De Tripas, Corazon', 'Ernst & Lyset', 'Esposados', 'Wordless']",,"['The English Patient', 'Angels and Insects', 'Emma', 'Hamlet', 'The Portrait of a Lady']","['Quest', 'Canhead', 'La Salla', ""Wat's Pig""]","['The English Patient', 'Fargo', 'The People vs. Larry Flynt', 'Secrets & Lies', 'Shine']",,"[""Breathing Lessons: The Life and Work of Mark O'Brien"", 'Cosmic Voyage', 'An Essay on Matisse', 'Special Effects', 'The Wild Bunch: An Album in Montage']","['The English Patient', 'Evita', 'Fargo', 'Fly Away Home', 'Michael Collins']","['Jerry Maguire', 'Fargo', 'Shine', 'Primal Fear', 'Ghosts of Mississippi']","['Sling Blade', 'The Crucible', 'The English Patient', 'Hamlet', 'Trainspotting']","['The English Patient', 'Hamlet', 'Michael Collins', 'Shine', 'Sleepers']","['Fargo', 'Secrets & Lies', ""Marvin's Room"", 'The English Patient', 'Breaking the Waves']","['The English Patient', 'Evita', 'Fargo', 'Jerry Maguire', 'Shine']",[''],"['Evita', 'Up Close and Personal', 'One Fine Day', 'The Mirror Has Two Faces', 'That Thing You Do!']","['The Ghost and the Darkness', 'Daylight', 'Eraser']","['Emma', 'The First Wives Club', 'The Hunchback of Notre Dame', 'James and the Giant Peach', ""The Preacher's Wife""]",,"['Fargo', 'Jerry Maguire', 'Lone Star', 'Secrets & Lies', 'Shine']","['Shine', 'Jerry Maguire', 'The English Patient', 'The People vs. Larry Flynt', 'Sling Blade']","['The Nutty Professor', 'Ghosts of Mississippi', 'Star Trek: First Contact']"
"['The Long Way Home', 'Ayn Rand: A Sense of Life', 'Colors Straight Up', '4 Little Girls', 'Waco: The Rules of Engagement']","['Titanic', 'Gattaca', 'Kundun', 'L.A. Confidential', 'Men in Black']",,"['Character', 'Beyond Silence', 'Four Days in September', 'Secrets of the Heart', 'The Thief']",,,"['Titanic', 'Air Force One', 'Con Air', 'Contact', 'L.A. Confidential']",,,,"['Titanic', 'The Lost World: Jurassic Park', 'Starship Troopers']","['L.A. Confidential', 'In & Out', 'Good Will Hunting', 'Boogie Nights', 'Titanic']",,"['Titanic', 'As Good as It Gets', 'The Full Monty', 'Good Will Hunting', 'L.A. Confidential']",,,"['Visas and Virtue', 'Dance Lexie Dance', ""It's Good to Talk"", 'Sweethearts?', 'Wolfgang']",,"['Titanic', 'Amistad', 'Kundun', 'Oscar and Lucinda', 'The Wings of the Dove']","[""Geri's Game"", 'Famous Fred', 'La Vieille Dame et les Pigeons (The Old Lady and the Pigeons)', 'The Mermaid', 'Redux Riding Hood']","['Titanic', 'The Full Monty', 'Good Will Hunting', 'L.A. Confidential', 'The Sweet Hereafter']",,"['A Story of Healing', 'Alaska: Spirit of the Wild', 'Amazon', 'Daughter of the Bride', 'Still Kicking: The Fabulous Palm Springs Follies']","['Titanic', 'Amistad', 'Kundun', 'L.A. Confidential', 'The Wings of the Dove']","['Good Will Hunting', 'Jackie Brown', 'Amistad', 'As Good as It Gets', 'Boogie Nights']","['L.A. Confidential', 'Donnie Brasco', 'The Sweet Hereafter', 'Wag the Dog', 'The Wings of the Dove']","['Titanic', 'Amistad', 'Good Will Hunting', 'Kundun', 'L.A. Confidential']","['As Good as It Gets', 'The Wings of the Dove', 'Afterglow', 'Mrs. Brown', 'Titanic']","['Titanic', 'Air Force One', 'As Good as It Gets', 'Good Will Hunting', 'L.A. Confidential']",,"['Titanic', 'Hercules', 'Con Air', 'Anastasia', 'Good Will Hunting']","['Titanic', 'Face/Off', 'The Fifth Element']","['The Full Monty', 'Anastasia', 'As Good as It Gets', 'Men in Black', ""My Best Friend's Wedding""]",,"['Good Will Hunting', 'As Good as It Gets', 'Boogie Nights', 'Deconstructing Harry', 'The Full Monty']","['As Good as It Gets', 'Good Will Hunting', 'The Apostle', ""Ulee's Gold"", 'Wag the Dog']","['Men in Black', 'Mrs. Brown', 'Titanic']"
"['The Last Days', 'Dancemaker', 'The Farm: Angola, U.S.A.', 'Lenny Bruce: Swear to Tell the Truth', 'Regret to Inform']","['Shakespeare in Love', 'Elizabeth', 'Pleasantville', 'Saving Private Ryan', 'What Dreams May Come']",,"['Life Is Beautiful', 'Central Station', 'Children of Heaven', 'The Grandfather', 'Tango']",,,"['Saving Private Ryan', 'Armageddon', 'The Mask of Zorro', 'Shakespeare in Love', 'The Thin Red Line']",,,,"['What Dreams May Come', 'Armageddon', 'Mighty Joe Young']","['Shakespeare in Love', 'Primary Colors', 'Little Voice', 'Hilary and Jackie', 'Gods and Monsters']",,"['Shakespeare in Love', 'Elizabeth', 'Life Is Beautiful', 'Saving Private Ryan', 'The Thin Red Line']",,,"['Election Night (Valgaften)', 'Culture', 'Holiday Romance', 'La Carte Postale (The Postcard)', 'Victor']",,"['Shakespeare in Love', 'Beloved', 'Elizabeth', 'Pleasantville', 'Velvet Goldmine']","['Bunny', 'The Canterbury Tales', 'Jolly Roger', 'More', 'When Life Departs']","['Saving Private Ryan', 'Life Is Beautiful', 'Shakespeare in Love', 'The Thin Red Line', 'The Truman Show']",,"['The Personals: Improvisations on Romance in the Golden Years', 'A Place in the Land', 'Sunrise over Tiananmen Square']","['Saving Private Ryan', 'A Civil Action', 'Elizabeth', 'Shakespeare in Love', 'The Thin Red Line']","['Affliction', 'A Civil Action', 'The Truman Show', 'Shakespeare in Love', 'A Simple Plan']","['Gods and Monsters', 'Out of Sight', 'Primary Colors', 'A Simple Plan', 'The Thin Red Line']","['Life Is Beautiful', 'Elizabeth', 'Pleasantville', 'Saving Private Ryan', 'The Thin Red Line']","['Shakespeare in Love', 'Elizabeth', 'Central Station', 'One True Thing', 'Hilary and Jackie']","['Saving Private Ryan', 'Life Is Beautiful', 'Out of Sight', 'Shakespeare in Love', 'The Thin Red Line']",[''],"['The Prince of Egypt', 'Armageddon', 'Quest for Camelot', 'The Horse Whisperer', 'Babe: Pig in the City']","['Saving Private Ryan', 'Armageddon', 'The Mask of Zorro']","['Shakespeare in Love', ""A Bug's Life"", 'Mulan', 'Patch Adams', 'The Prince of Egypt']",,"['Shakespeare in Love', 'Bulworth', 'Life Is Beautiful', 'Saving Private Ryan', 'The Truman Show']","['Life Is Beautiful', 'Saving Private Ryan', 'Gods and Monsters', 'Affliction', 'American History X']","['Elizabeth', 'Saving Private Ryan', 'Shakespeare in Love']"
"['One Day in September', 'Buena Vista Social Club', 'Genghis Blues', 'On the Ropes', 'Speaking in Strings']","['Sleepy Hollow', 'Anna and the King', 'The Cider House Rules', 'The Talented Mr. Ripley', 'Topsy-Turvy']",,"['All about My Mother', 'Caravan', 'East-West', 'Solomon and Gaenor', 'Under the Sun']",,"['The Red Violin', 'American Beauty', ""Angela's Ashes"", 'The Cider House Rules', 'The Talented Mr. Ripley']","['The Matrix', 'The Green Mile', 'The Insider', 'The Mummy', 'Star Wars Episode I: The Phantom Menace']",,,,"['The Matrix', 'Star Wars Episode I: The Phantom Menace', 'Stuart Little']","['Girl, Interrupted', 'The Sixth Sense', 'Being John Malkovich', 'Sweet and Lowdown', ""Boys Don't Cry""]",,"['American Beauty', 'The Cider House Rules', 'The Green Mile', 'The Insider', 'The Sixth Sense']",,,"[""My Mother Dreams the Satan's Disciples in New York"", 'Bror, Min Bror (Teis and Nico)', 'Killing Joe', 'Kleingeld (Small Change)', 'Major and Minor Miracles']",,"['Topsy-Turvy', 'Anna and the King', 'Sleepy Hollow', 'The Talented Mr. Ripley', 'Titus']","['The Old Man and the Sea', 'Humdrum', ""My Grandmother Ironed the King's Shirts"", '3 Misses', 'When the Day Breaks']","['American Beauty', 'Being John Malkovich', 'The Cider House Rules', 'The Insider', 'The Sixth Sense']",,"['King Gimp', 'Eyewitness', 'The Wildest Show in the South: The Angola Prison Rodeo']","['American Beauty', 'The End of the Affair', 'The Insider', 'Sleepy Hollow', 'Snow Falling on Cedars']","['The Cider House Rules', 'Magnolia', 'The Green Mile', 'The Talented Mr. Ripley', 'The Sixth Sense']","['The Cider House Rules', 'Election', 'The Green Mile', 'The Insider', 'The Talented Mr. Ripley']",,"[""Boys Don't Cry"", 'American Beauty', 'Tumbleweeds', 'The End of the Affair', 'Music of the Heart']","['The Matrix', 'American Beauty', 'The Cider House Rules', 'The Insider', 'The Sixth Sense']",[''],"['Tarzan', 'South Park: Bigger, Longer & Uncut', 'Music of the Heart', 'Magnolia', 'Toy Story 2']","['The Matrix', 'Fight Club', 'Star Wars Episode I: The Phantom Menace']",,,"['American Beauty', 'Being John Malkovich', 'Magnolia', 'The Sixth Sense', 'Topsy-Turvy']","['American Beauty', 'The Insider', 'The Straight Story', 'Sweet and Lowdown', 'The Hurricane']","['Topsy-Turvy', 'Austin Powers: The Spy Who Shagged Me', 'Bicentennial Man', 'Life']"
"['Into the Arms of Strangers: Stories of the Kindertransport', 'Legacy', ""Long Night's Journey into Day"", 'Scottsboro: An American Tragedy', 'Sound and Fury']","['Crouching Tiger, Hidden Dragon', ""Dr. Seuss' How the Grinch Stole Christmas"", 'Gladiator', 'Quills', 'Vatel']",,"['Crouching Tiger, Hidden Dragon', 'Amores Perros', 'Divided We Fall', 'Everybody Famous!', 'The Taste of Others']",,"['Crouching Tiger, Hidden Dragon', 'Chocolat', 'Gladiator', '', 'The Patriot']","['Gladiator', 'Cast Away', 'The Patriot', 'The Perfect Storm', 'U-571']",,,,"['Gladiator', 'Hollow Man', 'The Perfect Storm']","['Pollock', 'Chocolat', 'Almost Famous', 'Almost Famous', 'Billy Elliot']",,"['Gladiator', 'Chocolat', 'Crouching Tiger, Hidden Dragon', 'Erin Brockovich', 'Traffic']","['U-571', 'Space Cowboys']",,"['Quiero Ser (I want to be...)', 'By Courier', 'One Day Crossing', 'Seraglio', 'A Soccer Story (Uma Historia de Futebol)']",,"['Gladiator', 'Crouching Tiger, Hidden Dragon', ""Dr. Seuss' How the Grinch Stole Christmas"", '102 Dalmatians', 'Quills']","['Father and Daughter', 'The Periwig-Maker', 'Rejected']","['Traffic', 'Billy Elliot', 'Crouching Tiger, Hidden Dragon', 'Erin Brockovich', 'Gladiator']",,"['Big Mama', 'Curtain Call', 'Dolphins', ""The Man on Lincoln's Nose"", 'On Tiptoe: Gentle Steps to Freedom']","['Crouching Tiger, Hidden Dragon', 'Gladiator', '', 'O Brother, Where Art Thou?', 'The Patriot']","['Traffic', 'The Contender', 'Shadow of the Vampire', 'Erin Brockovich', 'Gladiator']","['Traffic', 'Chocolat', 'Crouching Tiger, Hidden Dragon', 'O Brother, Where Art Thou?', 'Wonder Boys']",,"['Erin Brockovich', 'The Contender', 'Chocolat', 'Requiem for a Dream', 'You Can Count on Me']","['Traffic', 'Almost Famous', 'Crouching Tiger, Hidden Dragon', 'Gladiator', 'Wonder Boys']",[''],"['Wonder Boys', 'Meet the Parents', 'Dancer in the Dark', 'Crouching Tiger, Hidden Dragon', ""The Emperor's New Groove""]",,,,"['Almost Famous', 'Billy Elliot', 'Erin Brockovich', 'Gladiator', 'You Can Count on Me']","['Gladiator', 'Before Night Falls', 'Cast Away', 'Pollock', 'Quills']","[""Dr. Seuss' How the Grinch Stole Christmas"", 'The Cell', 'Shadow of the Vampire']"
"['Murder on a Sunday Morning', 'Children Underground', ""LaLee's Kin: The Legacy of Cotton"", 'Promises', 'War Photographer']","['Moulin Rouge', 'Amélie', 'Gosford Park', ""Harry Potter and the Sorcerer's Stone"", 'The Lord of the Rings: The Fellowship of the Ring']",,"[""No Man's Land"", 'Amélie', 'Elling', 'Lagaan', 'Son of the Bride']",,"['The Lord of the Rings: The Fellowship of the Ring', 'A.I. Artificial Intelligence', 'A Beautiful Mind', ""Harry Potter and the Sorcerer's Stone"", 'Monsters, Inc.']","['Black Hawk Down', 'Amélie', 'The Lord of the Rings: The Fellowship of the Ring', 'Moulin Rouge', 'Pearl Harbor']",,,[''],"['The Lord of the Rings: The Fellowship of the Ring', 'A.I. Artificial Intelligence', 'Pearl Harbor']","['A Beautiful Mind', 'Gosford Park', 'Gosford Park', 'In the Bedroom', 'Iris']",,"['A Beautiful Mind', 'Gosford Park', 'In the Bedroom', 'The Lord of the Rings: The Fellowship of the Ring', 'Moulin Rouge']","['Pearl Harbor', 'Monsters, Inc.']",,"['the accountant', 'Copy Shop', ""Gregor's Greatest Invention"", 'A Man Thing (Meska Sprawa)', 'Speed for Thespians']","['Shrek', 'Jimmy Neutron: Boy Genius', 'Monsters, Inc.']","['Moulin Rouge', 'The Affair of the Necklace', 'Gosford Park', ""Harry Potter and the Sorcerer's Stone"", 'The Lord of the Rings: The Fellowship of the Ring']","['For the Birds', 'Fifty Percent Grey', 'Give Up Yer Aul Sins', 'Strange Invaders', 'Stubble Trouble']","['A Beautiful Mind', 'Black Hawk Down', 'Gosford Park', 'The Lord of the Rings: The Fellowship of the Ring', 'Mulholland Drive']",,"['Thoth', 'Artists and Orphans: A True Drama', 'Sing!']","['The Lord of the Rings: The Fellowship of the Ring', 'Amélie', 'Black Hawk Down', ""The Man Who Wasn't There"", 'Moulin Rouge']","['Iris', 'Training Day', 'Sexy Beast', 'The Lord of the Rings: The Fellowship of the Ring', 'Ali']","['A Beautiful Mind', 'Ghost World', 'In the Bedroom', 'The Lord of the Rings: The Fellowship of the Ring', 'Shrek']",,"[""Monster's Ball"", 'Iris', 'Moulin Rouge', 'In the Bedroom', ""Bridget Jones's Diary""]","['Black Hawk Down', 'A Beautiful Mind', 'The Lord of the Rings: The Fellowship of the Ring', 'Memento', 'Moulin Rouge']",,"['Monsters, Inc.', 'The Lord of the Rings: The Fellowship of the Ring', 'Pearl Harbor', 'Kate & Leopold', 'Vanilla Sky']",,,,"['Gosford Park', 'Amélie', 'Memento', ""Monster's Ball"", 'The Royal Tenenbaums']","['Training Day', 'A Beautiful Mind', 'I Am Sam', 'Ali', 'In the Bedroom']","['The Lord of the Rings: The Fellowship of the Ring', 'A Beautiful Mind', 'Moulin Rouge']"
"['Bowling for Columbine', 'Daughter from Danang', 'Prisoner of Paradise', 'Spellbound', 'Winged Migration']","['Chicago', 'Frida', 'Gangs of New York', 'The Lord of the Rings: The Two Towers', 'Road to Perdition']",,"['Nowhere in Africa', 'El Crimen del Padre Amaro', 'Hero', 'The Man without a Past', 'Zus & Zo']",,"['Frida', 'Catch Me If You Can', 'Far from Heaven', 'The Hours', 'Road to Perdition']","['Chicago', 'Gangs of New York', 'The Lord of the Rings: The Two Towers', 'Road to Perdition', 'Spider-Man']",,"['The Pianist', 'About a Boy', 'Adaptation', 'Chicago', 'The Hours']",,"['The Lord of the Rings: The Two Towers', 'Spider-Man', 'Star Wars Episode II Attack of the Clones']","['Chicago', 'About Schmidt', 'The Hours', 'Chicago', 'Adaptation']",,"['Chicago', 'Gangs of New York', 'The Hours', 'The Lord of the Rings: The Two Towers', 'The Pianist']","['The Lord of the Rings: The Two Towers', 'Minority Report', 'Road to Perdition']","['Talk to Her', 'Far from Heaven', 'Gangs of New York', 'My Big Fat Greek Wedding', 'Y Tu Mamá También']","['This Charming Man (Der Er En Yndig Mand)', ""Fait D'Hiver"", ""I'll Wait for the Next One... (J'Attendrai Le Suivant...)"", 'Inja (Dog)', 'Johnny Flynton']","['Spirited Away', 'Ice Age', 'Lilo & Stitch', 'Spirit: Stallion of the Cimarron', 'Treasure Planet']","['Chicago', 'Frida', 'Gangs of New York', 'The Hours', 'The Pianist']","['The ChubbChubbs!', 'The Cathedral', 'Das Rad', ""Mike's New Car"", 'Mt. Head']","['The Pianist', 'Chicago', 'Gangs of New York', 'The Hours', 'Talk to Her']",,"['Twin Towers', 'The Collector of Bedford Street', 'Mighty Times: The Legacy of Rosa Parks', ""Why Can't We Be a Family Again?""]","['Road to Perdition', 'Chicago', 'Far from Heaven', 'Gangs of New York', 'The Pianist']","['Adaptation', 'The Hours', 'Road to Perdition', 'Chicago', 'Catch Me If You Can']",,,"['The Hours', 'Frida', 'Unfaithful', 'Far from Heaven', 'Chicago']","['Chicago', 'Gangs of New York', 'The Hours', 'The Lord of the Rings: The Two Towers', 'The Pianist']",,"['8 Mile', 'Frida', 'The Wild Thornberrys Movie', 'Gangs of New York', 'Chicago']",,,,,"['The Pianist', 'Adaptation', 'The Quiet American', 'Gangs of New York', 'About Schmidt']","['Frida', 'The Time Machine']"
"['The Fog of War', 'Balseros', 'Capturing the Friedmans', 'My Architect', 'The Weather Underground']","['The Lord of the Rings: The Return of the King', 'Girl with a Pearl Earring', 'The Last Samurai', 'Master and Commander: The Far Side of the World', 'Seabiscuit']","['The Lord of the Rings: The Return of the King', 'The Last Samurai', 'Master and Commander: The Far Side of the World', 'Pirates of the Caribbean: The Curse of the Black Pearl', 'Seabiscuit']","['The Barbarian Invasions', 'Evil', 'The Twilight Samurai', 'Twin Sisters', 'Zelary']",,"['The Lord of the Rings: The Return of the King', 'Big Fish', 'Cold Mountain', 'Finding Nemo', 'House of Sand and Fog']",,,"['The Lord of the Rings: The Return of the King', 'American Splendor', 'City of God', 'Mystic River', 'Seabiscuit']",,"['The Lord of the Rings: The Return of the King', 'Master and Commander: The Far Side of the World', 'Pirates of the Caribbean: The Curse of the Black Pearl']","['Cold Mountain', 'House of Sand and Fog', 'Pieces of April', 'Mystic River', 'Thirteen']",,"['The Lord of the Rings: The Return of the King', 'Lost in Translation', 'Master and Commander: The Far Side of the World', 'Mystic River', 'Seabiscuit']","['Master and Commander: The Far Side of the World', 'Finding Nemo', 'Pirates of the Caribbean: The Curse of the Black Pearl']","['Lost in Translation', 'The Barbarian Invasions', 'Dirty Pretty Things', 'Finding Nemo', 'In America']","['Two Soldiers', 'Die Rote Jacke (The Red Jacket)', 'Most (The Bridge)', 'Squash', '(A) Torzija [(A) Torsion]']","['Finding Nemo', 'Brother Bear', 'The Triplets of Belleville']","['The Lord of the Rings: The Return of the King', 'Girl with a Pearl Earring', 'The Last Samurai', 'Master and Commander: The Far Side of the World', 'Seabiscuit']","['Harvie Krumpet', ""Boundin'"", 'Destino', 'Gone Nutty', 'Nibbles']","['The Lord of the Rings: The Return of the King', 'City of God', 'Lost in Translation', 'Master and Commander: The Far Side of the World', 'Mystic River']",,"['Chernobyl Heart', 'Asylum', 'Ferry Tales']","['Master and Commander: The Far Side of the World', 'City of God', 'Cold Mountain', 'Girl with a Pearl Earring', 'Seabiscuit']","['Mystic River', 'The Cooler', '21 Grams', 'In America', 'The Last Samurai']",,,"['Monster', 'Whale Rider', ""Something's Gotta Give"", 'In America', '21 Grams']","['The Lord of the Rings: The Return of the King', 'City of God', 'Cold Mountain', 'Master and Commander: The Far Side of the World', 'Seabiscuit']",,"['The Lord of the Rings: The Return of the King', 'The Triplets of Belleville', 'A Mighty Wind', 'Cold Mountain', 'Cold Mountain']",,,,,"['Mystic River', 'Pirates of the Caribbean: The Curse of the Black Pearl', 'House of Sand and Fog', 'Cold Mountain', 'Lost in Translation']","['The Lord of the Rings: The Return of the King', 'Master and Commander: The Far Side of the World', 'Pirates of the Caribbean: The Curse of the Black Pearl']"
"['Born into Brothels', 'The Story of the Weeping Camel', 'Super Size Me', 'Tupac: Resurrection', 'Twist of Faith']","['The Aviator', 'Finding Neverland', ""Lemony Snicket's A Series of Unfortunate Events"", 'The Phantom of the Opera', 'A Very Long Engagement']","['Ray', 'The Aviator', 'The Incredibles', 'The Polar Express', 'Spider-Man 2']","['The Sea Inside', 'As It Is in Heaven', 'The Chorus (Les Choristes)', 'Downfall', 'Yesterday']",,"['Finding Neverland', 'Harry Potter and the Prisoner of Azkaban', ""Lemony Snicket's A Series of Unfortunate Events"", 'The Passion of the Christ', 'The Village']",,,"['Sideways', 'Before Sunset', 'Finding Neverland', 'Million Dollar Baby', 'The Motorcycle Diaries']",[''],"['Spider-Man 2', 'Harry Potter and the Prisoner of Azkaban', 'I, Robot']","['The Aviator', 'Kinsey', 'Sideways', 'Hotel Rwanda', 'Closer']",,"['Million Dollar Baby', 'The Aviator', 'Finding Neverland', 'Ray', 'Sideways']","['The Incredibles', 'The Polar Express', 'Spider-Man 2']","['Eternal Sunshine of the Spotless Mind', 'The Aviator', 'Hotel Rwanda', 'The Incredibles', 'Vera Drake']","['Wasp', 'Everything in This Country Must', 'Little Terrorist', '', 'Two Cars, One Night']","['The Incredibles', 'Shark Tale', 'Shrek 2']","['The Aviator', 'Finding Neverland', ""Lemony Snicket's A Series of Unfortunate Events"", 'Ray', 'Troy']","['Ryan', 'Birthday Boy', 'Gopher Broke', 'Guard Dog', 'Lorenzo']","['Million Dollar Baby', 'The Aviator', 'Ray', 'Sideways', 'Vera Drake']",,"[""Mighty Times: The Children's March"", 'Autism Is a World', 'The Children of Leningradsky', 'Hardwood', ""Sister Rose's Passion""]","['The Aviator', 'House of Flying Daggers', 'The Passion of the Christ', 'The Phantom of the Opera', 'A Very Long Engagement']","['Million Dollar Baby', 'The Aviator', 'Sideways', 'Collateral', 'Closer']",,,"['Million Dollar Baby', 'Being Julia', 'Maria Full of Grace', 'Vera Drake', 'Eternal Sunshine of the Spotless Mind']","['The Aviator', 'Collateral', 'Finding Neverland', 'Million Dollar Baby', 'Ray']",,"['The Motorcycle Diaries', 'Shrek 2', 'The Polar Express', 'The Phantom of the Opera', 'The Chorus (Les Choristes)']",,,,,"['Ray', 'Hotel Rwanda', 'Finding Neverland', 'The Aviator', 'Million Dollar Baby']","[""Lemony Snicket's A Series of Unfortunate Events"", 'The Passion of the Christ', 'The Sea Inside']"
"['March of the Penguins', ""Darwin's Nightmare"", 'Enron: The Smartest Guys in the Room', 'Murderball', 'Street Fight']","['Memoirs of a Geisha', 'Good Night, and Good Luck.', 'Harry Potter and the Goblet of Fire', 'King Kong', 'Pride & Prejudice']","['King Kong', 'The Chronicles of Narnia: The Lion, the Witch and the Wardrobe', 'Memoirs of a Geisha', 'Walk the Line', 'War of the Worlds']","['Tsotsi', ""Don't Tell"", '', 'Paradise Now', 'Sophie Scholl - The Final Days']",,"['Brokeback Mountain', 'The Constant Gardener', 'Memoirs of a Geisha', 'Munich', 'Pride & Prejudice']",,,"['Brokeback Mountain', 'Capote', 'The Constant Gardener', 'A History of Violence', 'Munich']",,"['King Kong', 'The Chronicles of Narnia: The Lion, the Witch and the Wardrobe', 'War of the Worlds']","['The Constant Gardener', 'Junebug', 'Capote', 'North Country', 'Brokeback Mountain']",,"['Crash', 'Brokeback Mountain', 'Capote', 'Good Night, and Good Luck.', 'Munich']","['King Kong', 'Memoirs of a Geisha', 'War of the Worlds']","['Crash', 'Good Night, and Good Luck.', 'Match Point', 'The Squid and the Whale', 'Syriana']","['Six Shooter', 'Ausreisser (The Runaway)', 'Cashback', 'The Last Farm', 'Our Time Is Up']","['Wallace & Gromit in The Curse of the Were-Rabbit', ""Howl's Moving Castle"", ""Tim Burton's Corpse Bride""]","['Memoirs of a Geisha', 'Charlie and the Chocolate Factory', 'Mrs. Henderson Presents', 'Pride & Prejudice', 'Walk the Line']","['The Moon and the Son: An Imagined Conversation', 'Badgered', 'The Mysterious Geographic Explorations of Jasper Morello', '9', 'One Man Band']","['Brokeback Mountain', 'Capote', 'Crash', 'Good Night, and Good Luck.', 'Munich']",,"['A Note of Triumph: The Golden Age of Norman Corwin', 'The Death of Kevin Carter: Casualty of the Bang Bang Club', 'God Sleeps in Rwanda', 'The Mushroom Club']","['Memoirs of a Geisha', 'Batman Begins', 'Brokeback Mountain', 'Good Night, and Good Luck.', 'The New World']","['Syriana', 'Crash', 'Cinderella Man', 'Brokeback Mountain', 'A History of Violence']",,,"['Walk the Line', 'Mrs. Henderson Presents', 'Transamerica', 'Pride & Prejudice', 'North Country']","['Crash', 'Cinderella Man', 'The Constant Gardener', 'Munich', 'Walk the Line']",,"['Hustle & Flow', 'Crash', 'Transamerica']",,,,,"['Capote', 'Hustle & Flow', 'Brokeback Mountain', 'Walk the Line', 'Good Night, and Good Luck.']","['The Chronicles of Narnia: The Lion, the Witch and the Wardrobe', 'Cinderella Man', 'Star Wars: Episode III Revenge of the Sith']"
"['An Inconvenient Truth', 'Deliver Us from Evil', 'Iraq in Fragments', 'Jesus Camp', 'My Country, My Country']","[""Pan's Labyrinth"", 'Dreamgirls', 'The Good Shepherd', ""Pirates of the Caribbean: Dead Man's Chest"", 'The Prestige']","['Dreamgirls', 'Apocalypto', 'Blood Diamond', 'Flags of Our Fathers', ""Pirates of the Caribbean: Dead Man's Chest""]","['The Lives of Others', 'After the Wedding', 'Days of Glory (Indigènes)', ""Pan's Labyrinth"", 'Water']",,"['Babel', 'The Good German', 'Notes on a Scandal', ""Pan's Labyrinth"", 'The Queen']",,,"['The Departed', 'Borat Cultural Learnings of America for Make Benefit Glorious Nation of Kazakhstan', 'Children of Men', 'Little Children', 'Notes on a Scandal']",[''],"[""Pirates of the Caribbean: Dead Man's Chest"", 'Poseidon', 'Superman Returns']","['Dreamgirls', 'Babel', 'Notes on a Scandal', 'Little Miss Sunshine', 'Babel']",,"['The Departed', 'Babel', 'Letters from Iwo Jima', 'Little Miss Sunshine', 'The Queen']","['Letters from Iwo Jima', 'Apocalypto', 'Blood Diamond', 'Flags of Our Fathers', ""Pirates of the Caribbean: Dead Man's Chest""]","['Little Miss Sunshine', 'Babel', 'Letters from Iwo Jima', ""Pan's Labyrinth"", 'The Queen']","['West Bank Story', 'Binta and the Great Idea (Binta Y La Gran Idea)', '', 'Helmer & Son', 'The Saviour']","['Happy Feet', 'Cars', 'Monster House']","['Marie Antoinette', 'Curse of the Golden Flower', 'The Devil Wears Prada', 'Dreamgirls', 'The Queen']","['The Danish Poet', 'Lifted', 'The Little Matchgirl', 'Maestro', 'No Time for Nuts']","['The Departed', 'Babel', 'Letters from Iwo Jima', 'The Queen', 'United 93']",,"['The Blood of Yingzhou District', 'Recycled Life', 'Rehearsing a Dream', 'Two Hands']","[""Pan's Labyrinth"", 'The Black Dahlia', 'Children of Men', 'The Illusionist', 'The Prestige']","['Little Miss Sunshine', 'Little Children', 'Blood Diamond', 'Dreamgirls', 'The Departed']",,,"['The Queen', 'Volver', 'Notes on a Scandal', 'The Devil Wears Prada', 'Little Children']","['The Departed', 'Babel', 'Blood Diamond', 'Children of Men', 'United 93']",,"['An Inconvenient Truth', 'Dreamgirls', 'Dreamgirls', 'Cars', 'Dreamgirls']",,,,,"['The Last King of Scotland', 'Blood Diamond', 'Half Nelson', 'Venus', 'The Pursuit of Happyness']","[""Pan's Labyrinth"", 'Apocalypto', 'Click']"
"['Taxi to the Dark Side', 'No End in Sight', 'Operation Homecoming: Writing the Wartime Experience', 'Sicko', 'War/Dance']","['Sweeney Todd The Demon Barber of Fleet Street', 'American Gangster', 'Atonement', 'The Golden Compass', 'There Will Be Blood']","['The Bourne Ultimatum', 'No Country for Old Men', 'Ratatouille', '3:10 to Yuma', 'Transformers']","['The Counterfeiters', 'Beaufort', 'Katyn', 'Mongol', '12']",,"['Atonement', 'The Kite Runner', 'Michael Clayton', 'Ratatouille', '3:10 to Yuma']",,,"['No Country for Old Men', 'Atonement', 'Away from Her', 'The Diving Bell and the Butterfly', 'There Will Be Blood']",,"['The Golden Compass', ""Pirates of the Caribbean: At World's End"", 'Transformers']","['Michael Clayton', ""I'm Not There"", 'American Gangster', 'Atonement', 'Gone Baby Gone']",,"['No Country for Old Men', 'Atonement', 'Juno', 'Michael Clayton', 'There Will Be Blood']","['The Bourne Ultimatum', 'No Country for Old Men', 'Ratatouille', 'There Will Be Blood', 'Transformers']","['Juno', 'Lars and the Real Girl', 'Michael Clayton', 'Ratatouille', 'The Savages']","['Le Mozart des Pickpockets (The Mozart of Pickpockets)', 'At Night', 'Il Supplente (The Substitute)', 'Tanghi Argentini', 'The Tonto Woman']","['Ratatouille', 'Persepolis', ""Surf's Up""]","['Elizabeth: The Golden Age', 'Across the Universe', 'Atonement', 'La Vie en Rose', 'Sweeney Todd The Demon Barber of Fleet Street']","['Peter & the Wolf', 'I Met the Walrus', 'Madame Tutli-Putli', '', 'My Love (Moya Lyubov)']","['No Country for Old Men', 'The Diving Bell and the Butterfly', 'Juno', 'Michael Clayton', 'There Will Be Blood']",,"['Freeheld', 'La Corona (The Crown)', 'Salim Baba', ""Sari's Mother""]","['There Will Be Blood', 'The Assassination of Jesse James by the Coward Robert Ford', 'Atonement', 'The Diving Bell and the Butterfly', 'No Country for Old Men']","['No Country for Old Men', 'The Assassination of Jesse James by the Coward Robert Ford', ""Charlie Wilson's War"", 'Into the Wild', 'Michael Clayton']",,,"['La Vie en Rose', 'Elizabeth: The Golden Age', 'Away from Her', 'The Savages', 'Juno']","['The Bourne Ultimatum', 'The Diving Bell and the Butterfly', 'Into the Wild', 'No Country for Old Men', 'There Will Be Blood']",,"['Once', 'Enchanted', 'August Rush', 'Enchanted', 'Enchanted']",,,,,"['There Will Be Blood', 'Michael Clayton', 'Sweeney Todd The Demon Barber of Fleet Street', 'In the Valley of Elah', 'Eastern Promises']","['La Vie en Rose', 'Norbit', ""Pirates of the Caribbean: At World's End""]"
"['Man on Wire', 'The Betrayal (Nerakhoon)', 'Encounters at the End of the World', 'The Garden', 'Trouble the Water']","['The Curious Case of Benjamin Button', 'Changeling', 'The Dark Knight', 'The Duchess', 'Revolutionary Road']","['Slumdog Millionaire', 'The Curious Case of Benjamin Button', 'The Dark Knight', 'WALL-E', 'Wanted']","['Departures', 'The Baader Meinhof Complex', 'The Class', 'Revanche', 'Waltz with Bashir']",,"['Slumdog Millionaire', 'The Curious Case of Benjamin Button', 'Defiance', 'Milk', 'WALL-E']",,,"['Slumdog Millionaire', 'The Curious Case of Benjamin Button', 'Doubt', 'Frost/Nixon', 'The Reader']",[''],"['The Curious Case of Benjamin Button', 'The Dark Knight', 'Iron Man']","['Vicky Cristina Barcelona', 'Doubt', 'Doubt', 'The Curious Case of Benjamin Button', 'The Wrestler']",,"['Slumdog Millionaire', 'The Curious Case of Benjamin Button', 'Frost/Nixon', 'Milk', 'The Reader']","['The Dark Knight', 'Iron Man', 'Slumdog Millionaire', 'WALL-E', 'Wanted']","['Milk', 'Frozen River', 'Happy-Go-Lucky', 'In Bruges', 'WALL-E']","['Spielzeugland (Toyland)', 'Auf der Strecke (On the Line)', 'Manon on the Asphalt', 'New Boy', 'The Pig']","['WALL-E', 'Bolt', 'Kung Fu Panda']","['The Duchess', 'Australia', 'The Curious Case of Benjamin Button', 'Milk', 'Revolutionary Road']","['La Maison en Petits Cubes', 'Lavatory - Lovestory', 'Oktapodi', 'Presto', 'This Way Up']","['Slumdog Millionaire', 'The Curious Case of Benjamin Button', 'Frost/Nixon', 'Milk', 'The Reader']",,"['Smile Pinki', 'The Conscience of Nhem En', 'The Final Inch', 'The Witness - From the Balcony of Room 306']","['Slumdog Millionaire', 'Changeling', 'The Curious Case of Benjamin Button', 'The Dark Knight', 'The Reader']","['The Dark Knight', 'Milk', 'Tropic Thunder', 'Doubt', 'Revolutionary Road']",,,"['The Reader', 'Rachel Getting Married', 'Changeling', 'Frozen River', 'Doubt']","['Slumdog Millionaire', 'The Curious Case of Benjamin Button', 'The Dark Knight', 'Frost/Nixon', 'Milk']",,"['Slumdog Millionaire', 'WALL-E', 'Slumdog Millionaire']",,,,,"['Milk', 'The Visitor', 'Frost/Nixon', 'The Curious Case of Benjamin Button', 'The Wrestler']","['The Curious Case of Benjamin Button', 'The Dark Knight', 'Hellboy II: The Golden Army']"
"['The Cove', 'Burma VJ', 'Food, Inc.', 'The Most Dangerous Man in America: Daniel Ellsberg and the Pentagon Papers', 'Which Way Home']","['Avatar', 'The Imaginarium of Doctor Parnassus', 'Nine', 'Sherlock Holmes', 'The Young Victoria']","['The Hurt Locker', 'Avatar', 'Inglourious Basterds', 'Star Trek', 'Transformers: Revenge of the Fallen']","['The Secret in Their Eyes', 'Ajami', 'The Milk of Sorrow', 'A Prophet', 'The White Ribbon']",,"['Up', 'Avatar', 'Fantastic Mr. Fox', 'The Hurt Locker', 'Sherlock Holmes']",,,"[""Precious: Based on the Novel 'Push' by Sapphire"", 'District 9', 'An Education', 'In the Loop', 'Up in the Air']",,"['Avatar', 'District 9', 'Star Trek']","[""Precious: Based on the Novel 'Push' by Sapphire"", 'Nine', 'Up in the Air', 'Crazy Heart', 'Up in the Air']",,"['The Hurt Locker', 'Avatar', 'The Blind Side', 'District 9', 'An Education', 'Inglourious Basterds', ""Precious: Based on the Novel 'Push' by Sapphire"", 'A Serious Man', 'Up', 'Up in the Air']","['The Hurt Locker', 'Avatar', 'Inglourious Basterds', 'Star Trek', 'Up']","['The Hurt Locker', 'Inglourious Basterds', 'The Messenger', 'A Serious Man', 'Up']","['The New Tenants', 'The Door', 'Instead of Abracadabra', 'Kavi', 'Miracle Fish']","['Up', 'Coraline', 'Fantastic Mr. Fox', 'The Princess and the Frog', 'The Secret of Kells']","['The Young Victoria', 'Bright Star', 'Coco before Chanel', 'The Imaginarium of Doctor Parnassus', 'Nine']","['Logorama', 'French Roast', ""Granny O'Grimm's Sleeping Beauty"", 'The Lady and the Reaper (La Dama y la Muerte)', 'A Matter of Loaf and Death']","['The Hurt Locker', 'Avatar', 'Inglourious Basterds', ""Precious: Based on the Novel 'Push' by Sapphire"", 'Up in the Air']",,"['Music by Prudence', ""China's Unnatural Disaster: The Tears of Sichuan Province"", 'The Last Campaign of Governor Booth Gardner', 'The Last Truck: Closing of a GM Plant', 'Rabbit à la Berlin']","['Avatar', 'Harry Potter and the Half-Blood Prince', 'The Hurt Locker', 'Inglourious Basterds', 'The White Ribbon']","['Inglourious Basterds', 'Invictus', 'The Messenger', 'The Last Station', 'The Lovely Bones']",,,"['The Blind Side', 'The Last Station', 'An Education', ""Precious: Based on the Novel 'Push' by Sapphire"", 'Julie & Julia']","['The Hurt Locker', 'Avatar', 'District 9', 'Inglourious Basterds', ""Precious: Based on the Novel 'Push' by Sapphire""]",[''],"['Crazy Heart', 'The Princess and the Frog', 'The Princess and the Frog', 'Paris 36', 'Nine']",,,,,"['Crazy Heart', 'Up in the Air', 'A Single Man', 'Invictus', 'The Hurt Locker']","['Star Trek', 'Il Divo', 'The Young Victoria']"
"['Inside Job', 'Exit through the Gift Shop', 'Gasland', 'Restrepo', 'Waste Land']","['Alice in Wonderland', 'Harry Potter and the Deathly Hallows Part 1', 'Inception', ""The King's Speech"", 'True Grit']","['Inception', ""The King's Speech"", 'Salt', 'The Social Network', 'True Grit']","['In a Better World', 'Biutiful', 'Dogtooth', 'Incendies', 'Outside the Law (Hors-la-loi)']",,"['The Social Network', 'How to Train Your Dragon', 'Inception', ""The King's Speech"", '127 Hours']",,,"['The Social Network', '127 Hours', 'Toy Story 3', 'True Grit', ""Winter's Bone""]",,"['Inception', 'Alice in Wonderland', 'Harry Potter and the Deathly Hallows Part 1', 'Hereafter', 'Iron Man 2']","['The Fighter', 'The Fighter', ""The King's Speech"", 'True Grit', 'Animal Kingdom']",,"[""The King's Speech"", 'Black Swan', 'The Fighter', 'Inception', 'The Kids Are All Right', '127 Hours', 'The Social Network', 'Toy Story 3', 'True Grit', ""Winter's Bone""]","['Inception', 'Toy Story 3', 'Tron: Legacy', 'True Grit', 'Unstoppable']","[""The King's Speech"", 'Another Year', 'The Fighter', 'Inception', 'The Kids Are All Right']","['God of Love', 'The Confession', 'The Crush', 'Na Wewe', 'Wish 143']","['Toy Story 3', 'How to Train Your Dragon', 'The Illusionist']","['Alice in Wonderland', 'I Am Love', ""The King's Speech"", 'The Tempest', 'True Grit']","['The Lost Thing', 'Day & Night', 'The Gruffalo', ""Let's Pollute"", 'Madagascar, carnet de voyage (Madagascar, a Journey Diary)']","[""The King's Speech"", 'Black Swan', 'The Fighter', 'The Social Network', 'True Grit']",,"['Strangers No More', 'Killing in the Name', 'Poster Girl', 'Sun Come Up', 'The Warriors of Qiugang']","['Inception', 'Black Swan', ""The King's Speech"", 'The Social Network', 'True Grit']","['The Fighter', ""Winter's Bone"", 'The Town', 'The Kids Are All Right', ""The King's Speech""]",,,"['Black Swan', 'The Kids Are All Right', 'Rabbit Hole', ""Winter's Bone"", 'Blue Valentine']","['The Social Network', 'Black Swan', 'The Fighter', ""The King's Speech"", '127 Hours']",[''],"['Toy Story 3', 'Country Strong', 'Tangled', '127 Hours']",,,,,"[""The King's Speech"", 'Biutiful', 'True Grit', 'The Social Network', '127 Hours']","['The Wolfman', ""Barney's Version"", 'The Way Back']"
"['Undefeated', 'Hell and Back Again', 'If a Tree Falls: A Story of the Earth Liberation Front', 'Paradise Lost 3: Purgatory', 'Pina']","['Hugo', 'The Artist', 'Harry Potter and the Deathly Hallows Part 2', 'Midnight in Paris', 'War Horse']","['Hugo', 'The Girl with the Dragon Tattoo', 'Moneyball', 'Transformers: Dark of the Moon', 'War Horse']","['A Separation', 'Bullhead', 'Footnote', 'In Darkness', 'Monsieur Lazhar']",,"['The Artist', 'The Adventures of Tintin', 'Hugo', 'Tinker Tailor Soldier Spy', 'War Horse']",,,"['The Descendants', 'Hugo', 'The Ides of March', 'Moneyball', 'Tinker Tailor Soldier Spy']",[''],"['Hugo', 'Harry Potter and the Deathly Hallows Part 2', 'Real Steel', 'Rise of the Planet of the Apes', 'Transformers: Dark of the Moon']","['The Help', 'The Artist', 'The Help', 'Bridesmaids', 'Albert Nobbs']",,"['The Artist', 'The Descendants', 'Extremely Loud & Incredibly Close', 'The Help', 'Hugo', 'Midnight in Paris', 'Moneyball', 'The Tree of Life', 'War Horse']","['Hugo', 'Drive', 'The Girl with the Dragon Tattoo', 'Transformers: Dark of the Moon', 'War Horse']","['Midnight in Paris', 'The Artist', 'Bridesmaids', 'Margin Call', 'A Separation']","['The Shore', 'Pentecost', 'Raju', 'Time Freak']","['Rango', 'A Cat in Paris', 'Chico & Rita', 'Kung Fu Panda 2', 'Puss in Boots']","['The Artist', 'Anonymous', 'Hugo', 'Jane Eyre', 'W.E.']","['The Fantastic Flying Books of Mr. Morris Lessmore', 'Dimanche/Sunday', 'La Luna', 'A Morning Stroll', 'Wild Life']","['The Artist', 'The Descendants', 'Hugo', 'Midnight in Paris', 'The Tree of Life']",,"['Saving Face', 'The Barber of Birmingham: Foot Soldier of the Civil Rights Movement', 'God Is the Bigger Elvis', 'Incident in New Baghdad', 'The Tsunami and the Cherry Blossom']","['Hugo', 'The Artist', 'The Girl with the Dragon Tattoo', 'The Tree of Life', 'War Horse']","['Beginners', 'My Week with Marilyn', 'Moneyball', 'Warrior', 'Extremely Loud & Incredibly Close']",,,"['The Iron Lady', 'Albert Nobbs', 'The Help', 'The Girl with the Dragon Tattoo', 'My Week with Marilyn']","['The Girl with the Dragon Tattoo', 'The Artist', 'The Descendants', 'Hugo', 'Moneyball']",,"['The Muppets', 'Rio']",,,,,"['The Artist', 'Demián Bichir', 'The Descendants', 'Tinker Tailor Soldier Spy', 'Moneyball']","['The Iron Lady', 'Albert Nobbs', 'Harry Potter and the Deathly Hallows Part 2']"
"['Searching for Sugar Man', '5 Broken Cameras', 'The Gatekeepers', 'How to Survive a Plague', 'The Invisible War']",,"['Les Mis_rables', 'Argo', 'Life of Pi', 'Lincoln', 'Skyfall']","['Amour', 'Kon-Tiki', 'No', 'A Royal Affair', 'War Witch']","['Les Mis_rables', 'Hitchcock', 'The Hobbit: An Unexpected Journey']","['Life of Pi', 'Anna Karenina', 'Argo', 'Lincoln', 'Skyfall']",,,"['Argo', 'Beasts of the Southern Wild', 'Life of Pi', 'Lincoln', 'Silver Linings Playbook']",[''],"['Life of Pi', 'The Hobbit: An Unexpected Journey', ""Marvel's The Avengers"", 'Prometheus', 'Snow White and the Huntsman']","['Les Misérables', 'The Master', 'Lincoln', 'The Sessions', 'Silver Linings Playbook']",,"['Argo', 'Amour', 'Beasts of the Southern Wild', 'Django Unchained', 'Les Mis_rables', 'Life of Pi', 'Lincoln', 'Silver Linings Playbook', 'Zero Dark Thirty']","['Skyfall', 'Zero Dark Thirty', 'Argo', 'Django Unchained', 'Life of Pi']","['Django Unchained', 'Amour', 'Flight', 'Moonrise Kingdom', 'Zero Dark Thirty']","['Curfew', 'Asad', 'Buzkashi Boys', 'Death of a Shadow (Dood van een Schaduw)', 'Henry']","['Brave', 'Frankenweenie', 'ParaNorman', 'The Pirates! Band of Misfits', 'Wreck-It Ralph']","['Anna Karenina', 'Les Mis_rables', 'Lincoln', 'Mirror Mirror', 'Snow White and the Huntsman']","['Paperman', 'Adam and Dog', 'Fresh Guacamole', 'Head over Heels', 'Maggie Simpson in ""The Longest Daycare""']","['Life of Pi', 'Amour', 'Beasts of the Southern Wild', 'Lincoln', 'Silver Linings Playbook']","['Lincoln', 'Anna Karenina', 'The Hobbit: An Unexpected Journey', 'Les Mis_rables', 'Life of Pi']","['Inocente', 'Kings Point', 'Mondays at Racine', 'Open Heart', 'Redemption']","['Life of Pi', 'Anna Karenina', 'Django Unchained', 'Lincoln', 'Skyfall']","['Django Unchained', 'Argo', 'Silver Linings Playbook', 'The Master', 'Lincoln']",,,"['Silver Linings Playbook', 'Zero Dark Thirty', 'Amour', 'Beasts of the Southern Wild', 'The Impossible']","['Argo', 'Life of Pi', 'Lincoln', 'Silver Linings Playbook', 'Zero Dark Thirty']",,"['Skyfall', 'Chasing Ice', 'Ted', 'Life of Pi', 'Les Misérables']",,,,,"['Lincoln', 'Silver Linings Playbook', 'Les Misérables', 'The Master', 'Flight']",
"['20 Feet from Stardom', 'The Act of Killing', 'Cutie and the Boxer', 'Dirty Wars', 'The Square']",,"['Gravity', 'Captain Phillips', 'The Hobbit: The Desolation of Smaug', 'Inside Llewyn Davis', 'Lone Survivor']","['The Great Beauty', 'The Broken Circle Breakdown', 'The Hunt', 'The Missing Picture', 'Omar']","['Dallas Buyers Club', 'Jackass Presents: Bad Grandpa', 'The Lone Ranger']","['Gravity', 'The Book Thief', 'Her', 'Philomena', 'Saving Mr. Banks']",,,"['12 Years a Slave', 'Before Midnight', 'Captain Phillips', 'Philomena', 'The Wolf of Wall Street']",,"['Gravity', 'The Hobbit: The Desolation of Smaug', 'Iron Man 3', 'The Lone Ranger', 'Star Trek Into Darkness']","['12 Years a Slave', 'Blue Jasmine', 'American Hustle', 'August: Osage County', 'Nebraska']",,"['12 Years a Slave', 'American Hustle', 'Captain Phillips', 'Dallas Buyers Club', 'Gravity', 'Her', 'Nebraska', 'Philomena', 'The Wolf of Wall Street']","['Gravity', 'All Is Lost', 'Captain Phillips', 'The Hobbit: The Desolation of Smaug', 'Lone Survivor']","['Her', 'American Hustle', 'Blue Jasmine', 'Dallas Buyers Club', 'Nebraska']","['Helium', ""Aquel No Era Yo (That Wasn't Me)"", 'Avant Que De Tout Perdre (Just before Losing Everything)', 'Pit__k_ Mun Kaikki Hoitaa? (Do I Have to Take Care of Everything?)', 'The Voorman Problem']","['Frozen', 'The Croods', 'Despicable Me 2', 'Ernest & Celestine', 'The Wind Rises']","['The Great Gatsby', 'American Hustle', 'The Grandmaster', 'The Invisible Woman', '12 Years a Slave']","['Mr. Hublot', 'Feral', 'Get a Horse!', 'Possessions', 'Room on the Broom']","['Gravity', 'American Hustle', 'Nebraska', '12 Years a Slave', 'The Wolf of Wall Street']","['The Great Gatsby', 'American Hustle', 'Gravity', 'Her', '12 Years a Slave']","['The Lady in Number 6: Music Saved My Life', 'CaveDigger', 'Facing Fear', 'Karama Has No Walls', 'Prison Terminal: The Last Days of Private Jack Hall']","['Gravity', 'The Grandmaster', 'Inside Llewyn Davis', 'Nebraska', 'Prisoners']","['Dallas Buyers Club', 'Captain Phillips', 'American Hustle', '12 Years a Slave', 'The Wolf of Wall Street']",,,"['Blue Jasmine', 'American Hustle', 'Gravity', 'Philomena', 'August: Osage County']","['Gravity', 'American Hustle', 'Captain Phillips', 'Dallas Buyers Club', '12 Years a Slave']",,"['Frozen', 'Despicable Me 2', 'Her', 'Mandela: Long Walk to Freedom']",,,,,"['Dallas Buyers Club', 'American Hustle', 'Nebraska', 'The Wolf of Wall Street', '12 Years a Slave']",
"['CitizenFour', 'Finding Vivian Maier', 'Last Days in Vietnam', 'The Salt of the Earth', 'Virunga']",,"['Whiplash', 'American Sniper', 'Birdman or (The Unexpected Virtue of Ignorance)', 'Interstellar', 'Unbroken']","['Ida', 'Leviathan', 'Tangerines', 'Timbuktu', 'Wild Tales']","['The Grand Budapest Hotel', 'Foxcatcher', 'Guardians of the Galaxy']","['The Grand Budapest Hotel', 'The Imitation Game', 'Interstellar', 'Mr. Turner', 'The Theory of Everything']",,,"['The Imitation Game', 'American Sniper', 'Inherent Vice', 'The Theory of Everything', 'Whiplash']",,"['Interstellar', 'Captain America: The Winter Soldier', 'Dawn of the Planet of the Apes', 'Guardians of the Galaxy', 'X-Men: Days of Future Past']","['Boyhood', 'Wild', 'The Imitation Game', 'Birdman or (The Unexpected Virtue of Ignorance)', 'Into the Woods']",,"['Birdman or (The Unexpected Virtue of Ignorance)', 'American Sniper', 'Boyhood', 'The Grand Budapest Hotel', 'The Imitation Game', 'Selma', 'The Theory of Everything', 'Whiplash']","['American Sniper', 'Birdman or (The Unexpected Virtue of Ignorance)', 'The Hobbit: The Battle of the Five Armies', 'Interstellar', 'Unbroken']","['Birdman or (The Unexpected Virtue of Ignorance)', 'Boyhood', 'Foxcatcher', 'The Grand Budapest Hotel', 'Nightcrawler']","['The Phone Call', 'Aya', 'Boogaloo and Graham', 'Butter Lamp (La Lampe Au Beurre De Yak)', 'Parvaneh']","['Big Hero 6', 'The Boxtrolls', 'How to Train Your Dragon 2', 'Song of the Sea', 'The Tale of the Princess Kaguya']","['The Grand Budapest Hotel', 'Inherent Vice', 'Into the Woods', 'Maleficent', 'Mr. Turner']","['Feast', 'The Bigger Picture', 'The Dam Keeper', 'Me and My Moulton', 'A Single Life']","['Birdman or (The Unexpected Virtue of Ignorance)', 'Boyhood', 'Foxcatcher', 'The Grand Budapest Hotel', 'The Imitation Game']","['The Grand Budapest Hotel', 'The Imitation Game', 'Interstellar', 'Into the Woods', 'Mr. Turner']","['Crisis Hotline: Veterans Press 1', 'Joanna', 'Our Curse', 'The Reaper (La Parka)', 'White Earth']","['Birdman or (The Unexpected Virtue of Ignorance)', 'The Grand Budapest Hotel', 'Ida', 'Mr. Turner', 'Unbroken']","['Whiplash', 'The Judge', 'Boyhood', 'Birdman or (The Unexpected Virtue of Ignorance)', 'Foxcatcher']",,,"['Still Alice', 'Two Days, One Night', 'The Theory of Everything', 'Gone Girl', 'Wild']","['Whiplash', 'American Sniper', 'Boyhood', 'The Grand Budapest Hotel', 'The Imitation Game']",,"['Selma', 'The Lego Movie', 'Beyond the Lights', 'Glen Campbell…I’ll Be Me', 'Begin Again']",,,,,"['The Theory of Everything', 'Foxcatcher', 'American Sniper', 'The Imitation Game', 'Birdman or (The Unexpected Virtue of Ignorance)']",
"['Amy', 'Cartel Land', 'The Look of Silence', 'What Happened, Miss Simone?', 'Winter on Fire: Ukraine’s Fight for Freedom']",,"['Mad Max: Fury Road', 'Bridge of Spies', 'The Martian', 'The Revenant', 'Star Wars: The Force Awakens']","['Son of Saul', 'Embrace of the Serpent', 'Mustang', 'Theeb', 'A War']","['Mad Max: Fury Road', 'The 100-Year-Old Man Who Climbed out the Window and Disappeared', 'The Revenant']","['The Hateful Eight', 'Bridge of Spies', 'Carol', 'Sicario', 'Star Wars: The Force Awakens']",,,"['The Big Short', 'Brooklyn', 'Carol', 'The Martian', 'Room']",,"['Ex Machina', 'Mad Max: Fury Road', 'The Martian', 'The Revenant', 'Star Wars: The Force Awakens']","['The Danish Girl', 'The Hateful Eight', 'Carol', 'Spotlight', 'Steve Jobs']",,"['Spotlight', 'The Big Short', 'Bridge of Spies', 'Brooklyn', 'Mad Max: Fury Road', 'The Martian', 'The Revenant', 'Room']","['Mad Max: Fury Road', 'The Martian', 'The Revenant', 'Sicario', 'Star Wars: The Force Awakens']","['Spotlight', 'Bridge of Spies', 'Ex Machina', 'Inside Out', 'Straight Outta Compton']","['Stutterer', 'Ave Maria', 'Day One', 'Everything Will Be Okay (Alles Wird Gut)', 'Shok']","['Inside Out', 'Anomalisa', 'Boy and the World', 'Shaun the Sheep Movie', 'When Marnie Was There']","['Mad Max: Fury Road', 'Carol', 'Cinderella', 'The Danish Girl', 'The Revenant']","['Bear Story', 'Prologue', 'Sanjay’s Super Team', 'We Can’t Live without Cosmos', 'World of Tomorrow']","['The Revenant', 'The Big Short', 'Mad Max: Fury Road', 'Room', 'Spotlight']","['Mad Max: Fury Road', 'Bridge of Spies', 'The Danish Girl', 'The Martian', 'The Revenant']","['A Girl in the River: The Price of Forgiveness', 'Body Team 12', 'Chau, beyond the Lines', 'Claude Lanzmann: Spectres of the Shoah', 'Last Day of Freedom']","['The Revenant', 'Carol', 'The Hateful Eight', 'Mad Max: Fury Road', 'Sicario']","['Bridge of Spies', 'The Big Short', 'The Revenant', 'Spotlight', 'Creed']",,,"['Room', 'Carol', 'Joy', '45 Years', 'Brooklyn']","['Mad Max: Fury Road', 'The Big Short', 'The Revenant', 'Spotlight', 'Star Wars: The Force Awakens']",,"['Spectre', 'Fifty Shades of Grey', 'Racing Extinction', 'Youth', 'The Hunting Ground']",,,,,"['The Revenant', 'Trumbo', 'The Martian', 'Steve Jobs', 'The Danish Girl']",
"['O.J.: Made in America', 'Fire at Sea', 'I Am Not Your Negro', 'Life, Animated', '13th']",,"['Hacksaw Ridge', 'Arrival', 'La La Land', 'Rogue One: A Star Wars Story', '13 Hours: The Secret Soldiers of Benghazi']","['The Salesman', 'Land of Mine', 'A Man Called Ove', 'Tanna', 'Toni Erdmann']","['Suicide Squad', 'A Man Called Ove', 'Star Trek Beyond']","['La La Land', 'Jackie', 'Lion', 'Moonlight', 'Passengers']",,,"['Moonlight', 'Arrival', 'Fences', 'Hidden Figures', 'Lion']",,"['The Jungle Book', 'Deepwater Horizon', 'Doctor Strange', 'Kubo and the Two Strings', 'Rogue One: A Star Wars Story']","['Fences', 'Moonlight', 'Lion', 'Hidden Figures', 'Manchester by the Sea']",,"['Moonlight', 'Arrival', 'Fences', 'Hacksaw Ridge', 'Hell or High Water', 'Hidden Figures', 'La La Land', 'Lion', 'Manchester by the Sea']","['Arrival', 'Deepwater Horizon', 'Hacksaw Ridge', 'La La Land', 'Sully']","['Manchester by the Sea', 'Hell or High Water', 'La La Land', 'The Lobster', '20th Century Women']","['Sing', 'Ennemis Intérieurs', 'La Femme et le TGV', 'Silent Nights', 'Timecode']","['Zootopia', 'Kubo and the Two Strings', 'Moana', 'My Life as a Zucchini', 'The Red Turtle']","['Fantastic Beasts and Where to Find Them', 'Allied', 'Florence Foster Jenkins', 'Jackie', 'La La Land']","['Piper', 'Blind Vaysha', 'Borrowed Time', 'Pear Cider and Cigarettes', 'Pearl']","['La La Land', 'Arrival', 'Hacksaw Ridge', 'Manchester by the Sea', 'Moonlight']","['La La Land', 'Arrival', 'Fantastic Beasts and Where to Find Them', 'Hail, Caesar!', 'Passengers']","['The White Helmets', 'Extremis', '4.1 Miles', ""Joe's Violin"", 'Watani: My Homeland']","['La La Land', 'Arrival', 'Lion', 'Moonlight', 'Silence']","['Moonlight', 'Hell or High Water', 'Manchester by the Sea', 'Lion', 'Nocturnal Animals']",,,"['La La Land', 'Elle', 'Loving', 'Jackie', 'Florence Foster Jenkins']","['Hacksaw Ridge', 'Arrival', 'Hell or High Water', 'La La Land', 'Moonlight']",,"['City of Stars', 'Audition (The Fools Who Dream) ', ""Can't Stop The Feeling"", 'The Empty Chair', ""How Far I'll Go""]",,,,,"['Manchester by the Sea', 'Hacksaw Ridge', 'La La Land', 'Captain Fantastic', 'Fences']",
